{
    "accuracy": 0.6020793950850661,
    "precision": 0.601123595505618,
    "recall": 0.6068052930056711,
    "f1_score": 0.6039510818438382
}